<?xml version="1.0" encoding="UTF-8" standalone="yes"?>
<addon id="repository.repoptvt" name="RepoPTVT" version="1.0" provider-name="PTVT">
	<extension point="xbmc.addon.repository" name="RepoPTVT">
		<info compressed="false">https://raw.githubusercontent.com/pmaxaddon/repoptvt/master/addons.xml</info>
		<checksum>https://raw.githubusercontent.com/pmaxaddon/repoptvt/master/addons.xml.md5</checksum>
                <datadir zip="true">https://raw.githubusercontent.com/pmaxaddon/repoptvt/master</datadir>
	</extension>
	<extension point="xbmc.addon.metadata">
		<summary>Repo PTVT</summary>
   		<description lang="es">Repositorio para actualizar los complementos de PalcoTV Tunning.</description>
		<disclaimer></disclaimer>
		<platform>all</platform>
	</extension>
</addon>