<?xml version="1.0" encoding="utf-8" standalone="yes"?>
<channel>
	<id>estrenosya</id>
	<name>Estrenos GO</name>

	<active>true</active>
	<adult>false</adult>
	<language>es</language>

	<fanart></fanart>
	<thumbnail>http://i.imgur.com/CPqv4rz.jpg</thumbnail>
	<bannermenu></bannermenu>

	<update_url></update_url>
	<version>1</version>
	<date>26/01/2016</date>
	<changes>Primera version publica</changes>

	<categories>
		<category>torrent</category>
		<category>movie</category>
		<category>serie</category>
		<category>vos</category>
	</categories>

	<settings>
		<include_in_global_search>true</include_in_global_search>
	</settings>
</channel>
