<?xml version="1.0" encoding="utf-8" standalone="yes"?>
<channel>
	<id>mundoflv</id>
	<name>MundoFlv</name>

	<active>true</active>
	<adult>false</adult>
	<language>es</language>

	<fanart></fanart>
	<thumbnail>https://s32.postimg.org/h1ewz9hhx/mundoflv.png</thumbnail>
	<bannermenu>https://s32.postimg.org/c54jfhckl/mundoflv_banner.png</bannermenu>

	<categories>
		<category>latino</category>
		<category>serie</category>
	</categories>

	<settings>
		<include_in_global_search>false</include_in_global_search>
	</settings>
</channel>
