<?xml version="1.0" encoding="utf-8" standalone="yes"?>
<channel>
	<id>seodiv</id>
	<name>Seodiv</name>

	<active>true</active>
	<adult>true</adult>
	<language>es</language>

	<fanart></fanart>
	<thumbnail>https://s32.postimg.org/gh8lhbkb9/seodiv.png</thumbnail>
	<bannermenu>https://s31.postimg.org/klwjzp7t7/seodiv_banner.png</bannermenu>

	<update_url></update_url>
	<version></version>
	<date></date>
	<changes></changes>

	<categories>
		<category>series</category>
	</categories>

	<settings>
		<id>include_in_global_search</id>
		<type>bool</type>
		<label>Incluir en busqueda global</label>
		<default>false</default>
		<enabled>false</enabled>
		<visible>false</visible>
	</settings>
</channel>
