<?xml version="1.0" encoding="utf-8" standalone="yes"?>
<channel>
	<id>tugoleada</id>
	<name>TUGOLEADA</name>

	<active>true</active>
	<adult>false</adult>
	<language>es</language>

	<fanart></fanart>
	<thumbnail>http://i.imgur.com/DegBUpj.png</thumbnail>
	<bannermenu></bannermenu>

	<update_url></update_url>
	<version>2</version>
	<date>08/07/2016</date>
	<changes>Modificado nueva version pelisalacarta</changes>

	<categories>
		<category>deportes</category>	
	</categories>

	<settings>
		<include_in_global_search>false</include_in_global_search>
	</settings>
</channel>
