<?xml version="1.0" encoding="UTF-8" standalone="yes"?>
<addon id="plugin.video.ptvtAndroid" name="PalcoTV Tunning Android Build" version="1.2" provider-name="https://www.facebook.com/groups/1710038262651053/">
  <requires>
    <import addon="xbmc.python" version="2.1.0"/>
  </requires>
  <extension point="xbmc.python.pluginsource" library="default.py">
        <provides>video executable</provides>
  </extension>
  <extension point="xbmc.addon.metadata">
    <summary lang="en">PalcoTV Tunning Android</summary>
    <description lang="en">19/10/16 Versión 1.2
Esta es la Build instalable del addon PalcoTV Tunning para el grupo de los 100 de informaticaglobaldariomo.blogspot.com.es.
##### Cambios #####
- Nueva Versión 20161019.
- Añadido Listmaker.xml </description>
    <platform>all</platform>
  </extension>
</addon>
